date,open,high,low,close,volume
2022-06-13,9.35,9.37,9.18,9.27,9284102.0
2022-06-14,9.24,9.35,9.03,9.34,11022462.0
2022-06-15,9.34,10.2,9.34,9.84,32195270.0
2022-06-16,9.8,9.88,9.6,9.64,16634818.0
2022-06-17,9.54,9.71,9.49,9.65,11572312.0
2022-06-20,9.67,9.98,9.53,9.93,19338739.0
2022-06-21,9.91,9.92,9.71,9.83,12059245.0
2022-06-22,9.83,9.85,9.51,9.51,10886278.0
2022-06-23,9.57,9.91,9.57,9.9,17416176.0
2022-06-24,9.9,9.93,9.78,9.86,13723441.0
2022-06-27,9.86,9.92,9.79,9.81,11578354.0
2022-06-28,10.0,10.07,9.82,10.04,16719360.0
2022-06-29,10.03,10.25,9.96,9.96,15709860.0
2022-06-30,9.96,10.08,9.94,9.97,9910607.0
2022-07-01,10.07,10.45,9.96,9.98,13009093.0
2022-07-04,9.79,9.84,9.7,9.79,11666621.0
2022-07-05,9.77,9.82,9.6,9.67,10659663.0
2022-07-06,9.66,9.72,9.53,9.6,7894010.0
2022-07-07,9.62,9.94,9.61,9.78,10699046.0
2022-07-08,9.8,10.08,9.77,9.94,11932508.0
2022-07-11,9.88,9.98,9.78,9.85,7675985.0
2022-07-12,9.85,9.86,9.65,9.66,6815019.0
2022-07-13,9.64,9.73,9.58,9.6,6070991.0
2022-07-14,9.61,9.67,9.55,9.55,6074207.0
2022-07-15,9.55,9.58,9.32,9.32,8333793.0
2022-07-18,9.35,9.65,9.33,9.62,7292599.0
2022-07-19,9.58,9.7,9.53,9.68,6035101.0
2022-07-20,9.69,9.77,9.66,9.72,5841935.0
2022-07-21,9.7,9.8,9.61,9.68,6254277.0
2022-07-22,9.7,9.79,9.56,9.65,7067744.0
2022-07-25,9.63,9.73,9.47,9.5,6000894.0
2022-07-26,9.5,9.61,9.47,9.59,4240687.0
2022-07-27,9.6,9.67,9.57,9.64,4025650.0
2022-07-28,9.68,9.98,9.66,9.84,11665541.0
2022-07-29,9.9,9.9,9.71,9.72,7127373.0
2022-08-01,9.68,9.87,9.62,9.85,7965500.0
2022-08-02,9.76,9.77,9.38,9.57,12513231.0
2022-08-03,9.56,9.77,9.45,9.46,9124457.0
2022-08-04,9.52,9.67,9.51,9.61,6276582.0
2022-08-05,9.68,9.95,9.62,9.92,12543322.0
2022-08-08,9.92,10.05,9.89,9.93,9941160.0
2022-08-09,9.93,10.01,9.82,9.98,8948192.0
2022-08-10,9.91,10.09,9.9,9.95,7785911.0
2022-08-11,10.02,10.44,10.0,10.35,23379516.0
2022-08-12,10.3,10.39,10.22,10.22,12480177.0
2022-08-15,10.2,10.28,10.14,10.22,8640798.0
2022-08-16,10.23,10.27,10.09,10.11,7934942.0
2022-08-17,10.12,10.37,10.08,10.35,12111049.0
2022-08-18,10.35,10.58,10.24,10.5,16768521.0
2022-08-19,10.51,10.74,10.21,10.24,16205747.0
2022-08-22,10.25,10.46,10.12,10.35,12330829.0
2022-08-23,10.35,10.4,10.17,10.21,9671543.0
2022-08-24,10.21,10.27,9.84,9.89,14612719.0
2022-08-25,9.83,9.89,9.64,9.74,10265634.0
2022-08-26,9.8,9.83,9.61,9.65,6513046.0
2022-08-29,9.56,9.68,9.51,9.63,6218266.0
2022-08-30,9.55,9.69,9.55,9.6,6703476.0
2022-08-31,9.61,9.69,9.35,9.44,11463968.0
2022-09-01,9.38,9.43,9.18,9.21,8923692.0
2022-09-02,9.23,9.33,9.23,9.28,6111309.0
2022-09-05,9.28,9.28,9.15,9.18,6583935.0
2022-09-06,9.21,9.26,9.18,9.25,7509186.0
2022-09-07,9.22,9.25,9.15,9.19,6707194.0
2022-09-08,9.21,9.25,9.13,9.14,6037523.0
2022-09-09,9.12,9.17,9.02,9.17,7987601.0
2022-09-13,9.16,9.25,9.16,9.19,5281467.0
2022-09-14,9.09,9.1,9.03,9.06,5873360.0
2022-09-15,9.1,9.13,8.92,8.94,7683372.0
2022-09-16,8.93,8.94,8.7,8.73,6935587.0
2022-09-19,8.89,9.01,8.81,8.85,6753872.0
2022-09-20,8.9,8.96,8.85,8.88,3717331.0
2022-09-21,8.87,8.96,8.71,8.93,4970357.0
2022-09-22,8.88,8.95,8.82,8.86,3436199.0
2022-09-23,8.9,8.9,8.7,8.8,4264040.0
2022-09-26,8.73,8.79,8.63,8.63,4568675.0
2022-09-27,8.62,9.08,8.61,8.93,6486497.0
2022-09-28,8.89,8.89,8.57,8.67,4755553.0
2022-09-29,8.72,8.75,8.51,8.56,4892100.0
2022-09-30,8.55,8.64,8.51,8.51,3936414.0
2022-10-10,8.55,8.59,8.37,8.37,4924194.0
2022-10-11,8.4,8.44,8.34,8.38,3641909.0
2022-10-12,8.38,8.76,8.33,8.74,8733354.0
2022-10-13,8.68,8.72,8.63,8.67,5584564.0
2022-10-14,8.73,8.87,8.7,8.81,6260772.0
2022-10-17,8.75,9.0,8.74,8.98,7655085.0
2022-10-18,9.0,9.01,8.89,8.94,5624362.0
2022-10-19,8.95,8.98,8.84,8.84,4021725.0
2022-10-20,8.81,9.01,8.75,8.91,6613878.0
2022-10-21,8.95,9.03,8.88,8.9,4334462.0
2022-10-24,8.93,9.08,8.78,8.86,7358678.0
2022-10-25,8.82,8.93,8.72,8.8,4482783.0
2022-10-26,8.81,9.0,8.79,8.92,6032557.0
2022-10-27,8.99,9.09,8.93,9.01,6419467.0
2022-10-28,9.0,9.0,8.65,8.68,6481296.0
2022-10-31,8.55,8.91,8.54,8.84,6945328.0
2022-11-01,8.88,9.07,8.85,9.06,8194992.0
2022-11-02,9.08,9.24,9.08,9.13,8436796.0
2022-11-03,9.03,9.13,8.96,9.08,5537330.0
2022-11-04,9.05,9.2,9.05,9.17,6194269.0
2022-11-07,9.15,9.22,9.12,9.18,5926257.0
2022-11-08,9.2,9.22,9.07,9.12,4566640.0
2022-11-09,9.12,9.16,9.05,9.07,4148953.0
2022-11-10,9.03,9.11,9.01,9.08,4294664.0
2022-11-11,9.19,9.29,9.12,9.13,8220129.0
2022-11-14,9.13,9.19,9.1,9.15,5449867.0
2022-11-15,9.11,9.35,9.09,9.34,11005652.0
2022-11-16,9.34,9.38,9.25,9.26,7283161.0
2022-11-17,9.23,9.35,9.22,9.34,5272720.0
2022-11-18,9.35,9.4,9.3,9.32,6459995.0
2022-11-21,9.3,9.3,9.13,9.2,5844015.0
2022-11-22,9.24,9.28,9.15,9.18,5319919.0
2022-11-23,9.2,9.27,9.08,9.25,7204804.0
2022-11-24,9.23,9.28,9.1,9.15,4800550.0
2022-11-25,9.13,9.17,9.08,9.14,3451141.0
2022-11-28,9.05,9.05,8.9,8.97,6021228.0
2022-11-29,8.99,9.27,8.98,9.23,7287908.0
2022-11-30,9.26,9.27,9.15,9.16,5978263.0
2022-12-01,9.2,9.28,9.1,9.19,6791233.0
2022-12-02,9.19,9.24,9.12,9.14,4879427.0
2022-12-05,9.22,9.35,9.18,9.31,13412550.0
2022-12-06,9.33,9.73,9.31,9.49,22264667.0
2022-12-07,9.42,9.48,9.28,9.34,14219486.0
2022-12-08,9.3,9.32,9.15,9.17,9403598.0
2022-12-09,9.19,9.24,9.12,9.14,7809464.0
2022-12-12,9.25,9.28,9.05,9.19,10048288.0
2022-12-13,9.16,9.19,9.09,9.09,5865569.0
2022-12-14,9.17,9.26,9.09,9.12,7746661.0
2022-12-15,9.09,9.4,9.08,9.3,12761678.0
2022-12-16,9.28,9.36,9.23,9.28,7324479.0
2022-12-19,9.28,9.36,8.97,9.01,8303313.0
2022-12-20,8.91,9.02,8.88,8.89,7474897.0
2022-12-21,8.96,8.96,8.78,8.84,5153338.0
2022-12-22,8.85,8.94,8.67,8.73,5303233.0
2022-12-23,8.7,8.85,8.69,8.78,5209114.0
2022-12-26,8.75,8.86,8.75,8.81,3749376.0
2022-12-27,8.85,8.88,8.8,8.82,3182201.0
2022-12-28,8.72,8.82,8.63,8.67,7762157.0
2022-12-29,8.66,8.75,8.58,8.7,5623096.0
2022-12-30,8.74,8.75,8.63,8.66,3960352.0
2023-01-03,8.67,8.86,8.66,8.83,5693087.0
2023-01-04,8.85,8.9,8.77,8.85,5727259.0
2023-01-05,8.85,8.91,8.82,8.89,4670859.0
2023-01-06,8.9,9.0,8.88,8.9,5349512.0
2023-01-09,8.91,8.99,8.88,8.91,4224901.0
2023-01-10,8.92,9.02,8.89,8.95,5427867.0
2023-01-11,8.92,9.04,8.9,8.94,5794430.0
2023-01-12,8.91,8.98,8.89,8.94,4971405.0
2023-01-13,8.99,9.0,8.92,8.97,4576800.0
2023-01-16,8.99,9.15,8.96,9.12,8185354.0
2023-01-17,9.13,9.2,9.1,9.15,5777361.0
2023-01-18,9.16,9.24,9.12,9.22,5328777.0
2023-01-19,9.21,9.38,9.17,9.38,8555980.0
2023-01-20,9.38,9.45,9.3,9.35,8793273.0
2023-01-30,9.47,9.55,9.41,9.44,9752375.0
2023-01-31,9.36,9.46,9.33,9.43,7604908.0
2023-02-01,9.48,9.55,9.43,9.49,7959485.0
2023-02-02,9.52,9.55,9.42,9.45,7394577.0
2023-02-03,9.42,9.48,9.33,9.45,7635343.0
2023-02-06,9.45,9.67,9.38,9.51,9781941.0
2023-02-07,9.57,9.57,9.47,9.54,6181744.0
2023-02-08,9.55,9.57,9.38,9.41,6124040.0
2023-02-09,9.42,9.65,9.41,9.63,9998560.0
2023-02-10,9.65,9.73,9.6,9.67,7521892.0
2023-02-13,9.65,9.72,9.6,9.65,6432752.0
2023-02-14,9.64,9.72,9.61,9.65,5409203.0
2023-02-15,9.65,10.0,9.62,9.93,20984083.0
2023-02-16,9.9,10.12,9.67,9.75,17688950.0
2023-02-17,9.71,9.83,9.55,9.55,10791867.0
2023-02-20,9.55,9.69,9.53,9.68,8669825.0
2023-02-21,9.72,9.76,9.53,9.63,11415810.0
2023-02-22,9.6,9.68,9.55,9.59,6099450.0
2023-02-23,9.63,9.67,9.5,9.59,7141696.0
2023-02-24,9.64,9.64,9.52,9.58,6208991.0
2023-02-27,9.56,9.63,9.41,9.47,7509697.0
2023-02-28,9.56,9.67,9.43,9.57,8988142.0
2023-03-01,9.57,9.72,9.54,9.71,9133981.0
2023-03-02,9.73,9.78,9.69,9.71,6692900.0
2023-03-03,9.88,9.88,9.7,9.77,8727003.0
2023-03-06,9.78,9.85,9.74,9.82,7119614.0
2023-03-07,9.76,9.94,9.65,9.65,10095262.0
2023-03-08,9.61,9.82,9.6,9.78,7981146.0
2023-03-09,9.82,9.87,9.71,9.75,6377127.0
2023-03-10,9.78,10.73,9.66,10.73,50606196.0
2023-03-13,10.5,10.5,10.06,10.19,77378475.0
2023-03-14,10.18,10.2,9.96,10.06,39033997.0
2023-03-15,10.05,10.29,9.97,10.12,38727767.0
2023-03-16,10.04,10.12,9.81,9.86,30661390.0
2023-03-17,9.89,10.08,9.88,9.93,27827449.0
2023-03-20,9.94,10.28,9.94,10.08,30668508.0
2023-03-21,9.99,10.21,9.97,10.14,22496542.0
2023-03-22,10.08,10.44,10.08,10.35,30565355.0
2023-03-23,10.25,10.44,10.24,10.39,21886877.0
2023-03-24,10.39,11.17,10.35,10.94,70740428.0
2023-03-27,10.92,11.05,10.54,10.68,37232677.0
2023-03-28,10.7,10.77,10.55,10.6,18820347.0
2023-03-29,10.6,10.61,10.42,10.52,15353541.0
2023-03-30,10.59,10.72,10.42,10.61,21224047.0
2023-03-31,10.62,10.68,10.35,10.51,21384333.0
2023-04-03,10.57,10.9,10.5,10.81,32449447.0
2023-04-04,10.81,10.95,10.74,10.92,27443775.0
2023-04-06,10.88,11.38,10.82,11.1,35610224.0
2023-04-07,11.13,11.25,11.0,11.03,19668193.0
2023-04-10,10.99,11.04,10.61,10.67,29528986.0
2023-04-11,10.73,10.94,10.68,10.84,20322886.0
2023-04-12,10.84,11.06,10.8,10.97,21718865.0
2023-04-13,10.89,11.07,10.8,10.85,21174923.0
2023-04-14,10.86,10.91,10.62,10.79,14276418.0
2023-04-17,10.79,10.85,10.6,10.63,15477044.0
2023-04-18,10.65,10.65,10.4,10.48,16743381.0
2023-04-19,10.48,10.63,10.42,10.49,11229019.0
2023-04-20,10.43,10.65,10.43,10.63,11012480.0
2023-04-21,10.61,10.63,10.09,10.1,19981684.0
2023-04-24,10.05,10.2,9.97,10.0,14101251.0
2023-04-25,9.99,10.08,9.78,9.89,10974668.0
2023-04-26,9.86,9.92,9.69,9.78,9992113.0
2023-04-27,9.77,9.86,9.71,9.78,8101685.0
2023-04-28,9.75,9.92,9.75,9.86,9756098.0
2023-05-04,9.2,9.3,8.87,8.87,37592625.0
2023-05-05,8.88,8.94,8.7,8.8,18184326.0
2023-05-08,8.84,9.23,8.78,9.12,18495821.0
2023-05-09,9.09,9.37,9.05,9.12,18500721.0
2023-05-10,9.11,9.2,8.98,9.1,10894186.0
2023-05-11,9.15,9.23,9.11,9.14,9279800.0
2023-05-12,9.14,9.19,9.01,9.04,6607342.0
2023-05-15,9.04,9.09,8.93,9.08,8446225.0
2023-05-16,9.1,9.1,8.98,8.98,7817760.0
2023-05-17,9.0,9.17,8.98,9.16,8258948.0
2023-05-18,9.11,9.28,9.11,9.24,7164940.0
2023-05-19,9.2,9.43,9.2,9.37,8709760.0
2023-05-22,9.39,9.44,9.34,9.4,6434001.0
2023-05-23,9.39,9.46,9.26,9.28,5168400.0
2023-05-24,9.24,9.35,9.15,9.26,7198702.0
2023-05-25,9.23,9.37,9.2,9.3,6172346.0
2023-05-26,9.27,9.38,9.23,9.36,5717450.0
2023-05-29,9.36,9.56,9.36,9.43,6963633.0
2023-05-30,9.42,9.56,9.36,9.55,7042185.0
2023-05-31,9.51,9.68,9.46,9.67,8821854.0
2023-06-01,9.64,9.71,9.57,9.63,6878400.0
2023-06-02,9.62,9.71,9.6,9.64,5467291.0
2023-06-05,9.64,9.74,9.6,9.63,5113379.0
2023-06-06,9.59,9.64,9.37,9.39,8348385.0
2023-06-07,9.41,9.52,9.37,9.46,4856171.0
2023-06-08,9.49,9.49,9.24,9.36,6826831.0
2023-06-09,9.36,9.36,9.2,9.35,6993830.0
2023-06-12,9.35,9.45,9.31,9.4,6069355.0
2023-06-13,9.4,9.45,9.32,9.43,4858177.0
2023-06-14,9.43,9.48,9.31,9.33,5936995.0
2023-06-15,9.3,9.41,9.28,9.33,5192145.0
2023-06-16,9.35,9.49,9.3,9.49,6684200.0
2023-06-19,9.46,9.64,9.43,9.55,9600620.0
2023-06-20,9.56,9.56,9.33,9.35,7354176.0
2023-06-21,9.3,9.34,9.18,9.18,7368500.0
2023-06-26,9.13,9.14,9.0,9.0,7233076.0
2023-06-27,9.06,9.22,9.0,9.18,5784696.0
2023-06-28,9.23,9.23,8.97,9.04,8018200.0
2023-06-29,9.02,9.13,9.01,9.07,4759108.0
2023-06-30,9.06,9.2,9.05,9.18,5164497.0
2023-07-03,9.24,9.42,9.18,9.25,9376341.0
2023-07-04,9.26,9.37,9.21,9.36,6325500.0
2023-07-05,9.36,9.42,9.29,9.37,6284155.0
2023-07-06,9.37,9.58,9.33,9.48,10001268.0
2023-07-07,9.48,9.53,9.37,9.41,6324416.0
2023-07-10,9.41,9.45,9.33,9.36,5300559.0
2023-07-11,9.36,9.45,9.35,9.43,4288946.0
2023-07-12,9.41,9.46,9.27,9.3,5147500.0
2023-07-13,9.3,9.45,9.3,9.44,4938700.0
2023-07-14,9.45,9.66,9.45,9.64,9541529.0
2023-07-17,9.3,9.42,9.07,9.18,20545209.0
2023-07-18,9.17,9.34,9.16,9.26,10837405.0
2023-07-19,9.23,9.3,9.15,9.19,4749456.0
2023-07-20,9.18,9.23,9.05,9.06,7238800.0
2023-07-21,9.1,9.13,9.01,9.04,5616826.0
2023-07-24,9.02,9.25,9.01,9.25,9177661.0
2023-07-25,9.26,9.32,9.21,9.29,6319650.0
2023-07-26,9.25,9.28,9.2,9.24,4166191.0
2023-07-27,9.22,9.31,9.2,9.22,5082346.0
2023-07-28,9.21,9.32,9.17,9.29,5555772.0
2023-07-31,9.3,9.5,9.3,9.37,9942573.0
2023-08-01,9.4,9.42,9.31,9.42,6245074.0
2023-08-02,9.42,9.52,9.38,9.49,6738041.0
2023-08-03,9.46,9.5,9.42,9.46,5973496.0
2023-08-04,9.47,9.59,9.43,9.56,8636767.0
2023-08-07,9.58,9.58,9.49,9.55,7564745.0
2023-08-08,9.54,9.56,9.41,9.42,5278800.0
2023-08-09,9.43,9.44,9.29,9.32,4994201.0
2023-08-10,9.33,9.39,9.25,9.31,4143929.0
2023-08-11,9.35,9.36,9.17,9.18,5499902.0
2023-08-14,9.15,9.17,9.04,9.17,6402800.0
2023-08-15,9.24,9.25,9.07,9.15,5222300.0
2023-08-16,9.11,9.15,9.07,9.08,4162957.0
2023-08-17,9.04,9.08,8.86,8.9,11838900.0
2023-08-18,8.88,8.93,8.7,8.7,9624100.0
2023-08-21,8.69,8.76,8.46,8.46,12073935.0
2023-08-22,8.5,8.58,8.36,8.48,9096502.0
2023-08-23,8.46,8.46,8.3,8.3,7399932.0
2023-08-24,8.34,8.37,8.26,8.28,7970600.0
2023-08-25,8.27,8.29,8.13,8.18,7338555.0
2023-08-28,8.46,8.53,8.11,8.19,13650390.0
2023-08-29,8.14,8.43,8.14,8.36,10202601.0
2023-08-30,8.4,8.56,8.36,8.46,11664361.0
2023-08-31,8.49,8.64,8.44,8.6,10868120.0
2023-09-01,8.61,8.75,8.57,8.71,8089758.0
2023-09-04,8.71,8.95,8.67,8.93,11606057.0
2023-09-05,8.94,9.19,8.94,9.04,13709748.0
2023-09-06,8.99,9.25,8.96,9.23,15537373.0
2023-09-07,9.23,9.29,9.12,9.16,14519402.0
2023-09-08,9.09,9.22,9.09,9.2,8230800.0
2023-09-11,9.25,9.43,9.2,9.34,14534747.0
2023-09-12,9.38,9.38,9.3,9.33,8341859.0
2023-09-13,9.35,9.36,9.16,9.23,11909571.0
2023-09-14,9.23,9.26,9.13,9.21,8799100.0
2023-09-15,9.23,9.25,9.1,9.11,7302759.0
2023-09-18,9.14,9.34,9.09,9.27,11621336.0
2023-09-19,9.23,9.29,9.09,9.13,7461443.0
2023-09-20,9.11,9.19,9.06,9.13,6611649.0
2023-09-21,9.1,9.18,9.06,9.11,5561649.0
2023-09-22,9.11,9.24,9.09,9.22,6156162.0
2023-09-25,9.2,9.22,9.12,9.18,5652475.0
2023-09-26,9.14,9.19,9.08,9.1,6054702.0
2023-09-27,9.07,9.14,9.03,9.03,4802238.0
2023-09-28,9.05,9.27,9.04,9.22,7001500.0
2023-10-09,9.22,9.27,9.15,9.23,8032550.0
2023-10-10,9.28,9.43,9.25,9.38,8937401.0
2023-10-11,9.39,9.55,9.38,9.5,10014200.0
2023-10-12,9.52,9.58,9.47,9.51,7581500.0
2023-10-13,9.5,9.76,9.45,9.71,14850808.0
2023-10-16,9.73,9.77,9.63,9.7,10876857.0
2023-10-17,9.7,10.24,9.68,9.86,28581750.0
2023-10-18,9.79,9.98,9.71,9.89,24856306.0
2023-10-19,9.87,10.15,9.84,9.94,27767807.0
2023-10-20,9.87,10.07,9.69,9.73,21249524.0
2023-10-23,9.6,9.78,9.55,9.64,15308500.0
2023-10-24,9.65,9.78,9.49,9.73,15311915.0
2023-10-25,9.73,9.75,9.59,9.63,12431730.0
2023-10-26,9.61,9.78,9.54,9.73,17174574.0
2023-10-27,9.72,9.72,9.36,9.49,22919710.0
2023-10-30,9.4,9.98,9.39,9.83,19584846.0
2023-10-31,9.81,9.94,9.73,9.79,11885820.0
2023-11-01,9.82,9.86,9.73,9.75,7969301.0
2023-11-02,9.76,9.92,9.72,9.74,10780602.0
2023-11-03,9.73,9.9,9.7,9.87,9586600.0
2023-11-06,10.01,10.39,9.95,10.28,26258400.0
2023-11-07,10.3,11.05,10.28,10.65,42639770.0
2023-11-08,10.53,10.75,10.44,10.52,18399804.0
2023-11-09,10.49,10.82,10.32,10.72,40408728.0
2023-11-10,10.66,11.08,10.5,10.92,37766421.0
2023-11-13,10.91,10.95,10.72,10.92,23502385.0
2023-11-14,10.95,11.01,10.7,10.8,23337852.0
2023-11-15,10.9,11.12,10.8,10.86,21314378.0
2023-11-16,10.75,10.87,10.67,10.7,12376657.0
2023-11-17,10.66,10.76,10.59,10.67,14049924.0
2023-11-20,10.63,10.73,10.55,10.61,12335002.0
2023-11-21,10.61,10.69,10.47,10.51,12203876.0
2023-11-22,10.42,10.57,10.4,10.4,7979500.0
2023-11-23,10.39,10.58,10.37,10.52,9206000.0
2023-11-24,10.53,10.58,10.38,10.43,7117601.0
2023-11-27,10.4,10.6,10.37,10.53,13774603.0
2023-11-28,10.66,10.98,10.53,10.76,22953202.0
2023-11-29,10.97,11.33,10.86,11.04,42196784.0
2023-11-30,11.01,11.02,10.72,10.87,26143589.0
2023-12-01,10.84,10.89,10.63,10.8,17567866.0
2023-12-04,10.8,10.89,10.53,10.71,18705419.0
2023-12-05,10.71,10.71,10.44,10.45,15317292.0
2023-12-06,10.34,10.52,10.25,10.37,13681268.0
2023-12-07,10.35,10.75,10.35,10.56,18572763.0
2023-12-08,10.59,10.71,10.47,10.5,14927016.0
2023-12-11,10.47,10.47,10.19,10.42,19650984.0
2023-12-12,10.41,10.46,10.2,10.43,13682858.0
2023-12-13,10.43,10.45,10.27,10.28,6943587.0
2023-12-14,10.34,10.41,10.26,10.26,9023987.0
2023-12-15,10.3,10.33,10.19,10.2,8862998.0
2023-12-18,10.18,10.26,10.02,10.07,11805881.0
2023-12-19,10.1,10.26,10.02,10.26,10895861.0
2023-12-20,10.22,10.3,10.0,10.11,14196539.0
2023-12-21,10.14,10.35,10.02,10.28,14311736.0
2023-12-22,10.3,10.36,10.12,10.17,10103400.0
2023-12-25,10.16,10.25,10.04,10.16,7912215.0
2023-12-26,10.15,10.23,9.9,10.01,7104308.0
2023-12-27,9.99,10.32,9.99,10.29,10488394.0
2023-12-28,10.25,10.3,10.19,10.23,9624926.0
2023-12-29,10.21,10.7,10.18,10.65,16234546.0
2024-01-02,10.65,10.69,10.43,10.43,8549898.0
2024-01-03,10.36,10.5,10.25,10.35,12085679.0
2024-01-04,10.35,10.38,10.07,10.18,13103832.0
2024-01-05,10.2,10.33,10.11,10.12,10443989.0
2024-01-08,10.13,10.23,9.79,9.83,13550161.0
2024-01-09,9.87,9.98,9.7,9.8,13798234.0
2024-01-10,9.78,9.83,9.58,9.58,8812471.0
2024-01-11,9.58,9.64,9.38,9.46,15590703.0
2024-01-12,9.5,9.53,9.37,9.42,8148184.0
2024-01-15,9.4,9.67,9.35,9.43,13899466.0
2024-01-16,9.44,9.5,9.21,9.3,11419968.0
2024-01-17,9.31,9.35,9.1,9.12,8153275.0
2024-01-18,9.09,9.14,8.8,9.07,11752587.0
2024-01-19,9.08,9.12,8.97,9.0,8837352.0
2024-01-22,9.0,9.09,8.5,8.58,12023545.0
2024-01-23,8.58,8.77,8.4,8.7,14717072.0
2024-01-24,8.77,8.98,8.52,8.95,13191803.0
2024-01-25,8.93,9.3,8.86,9.28,10824744.0
2024-01-26,9.29,9.33,9.11,9.17,7092728.0
2024-01-29,9.17,9.29,8.98,8.99,6856900.0
2024-01-30,8.92,9.03,8.67,8.68,7559201.0
2024-01-31,8.55,8.72,8.27,8.32,12667596.0
2024-02-01,8.32,8.49,8.16,8.2,14246618.0
2024-02-02,8.19,8.32,7.55,7.84,16420600.0
2024-02-05,7.73,7.84,7.07,7.59,23630290.0
2024-02-06,7.38,8.01,7.28,7.96,28403026.0
2024-02-07,7.97,8.76,7.97,8.76,34285797.0
2024-02-08,8.96,9.52,8.76,9.18,32107546.0
2024-02-19,9.46,9.46,8.66,8.8,26893025.0
2024-02-20,8.72,8.87,8.51,8.83,16872236.0
2024-02-21,8.78,9.17,8.67,8.88,14907159.0
2024-02-22,8.87,9.0,8.82,8.91,9527900.0
2024-02-23,8.93,8.95,8.72,8.92,12914701.0
2024-02-26,8.95,9.16,8.88,8.96,14854441.0
2024-02-27,8.92,9.17,8.87,9.17,10820586.0
2024-02-28,9.16,9.26,8.88,8.88,17939906.0
2024-02-29,8.85,9.18,8.8,9.16,15726950.0
2024-03-01,9.17,9.37,9.14,9.34,14363985.0
2024-03-04,9.34,9.39,9.18,9.3,10385699.0
2024-03-05,9.27,9.38,9.18,9.25,15261600.0
2024-03-06,9.21,9.26,9.07,9.13,9244300.0
2024-03-07,9.16,9.2,8.89,8.89,13250696.0
2024-03-08,8.92,9.09,8.84,9.09,9420010.0
2024-03-11,9.1,9.16,8.99,9.15,10691300.0
2024-03-12,9.17,9.28,9.09,9.18,9428256.0
2024-03-13,9.2,9.31,9.14,9.2,9595695.0
2024-03-14,9.23,9.23,8.98,9.04,8942744.0
2024-03-15,9.02,9.17,8.99,9.17,10815460.0
2024-03-18,9.15,9.27,9.03,9.13,15945583.0
2024-03-19,9.1,9.19,9.02,9.03,13722557.0
2024-03-20,9.04,9.1,8.96,9.0,12158534.0
2024-03-21,9.02,9.07,8.9,8.92,10486022.0
2024-03-22,8.93,8.98,8.68,8.72,12823001.0
2024-03-25,8.7,8.77,8.43,8.45,16067724.0
2024-03-26,8.46,8.51,8.27,8.35,13476743.0
2024-03-27,8.35,8.37,8.02,8.04,13101484.0
2024-03-28,8.05,8.39,8.01,8.21,16950135.0
2024-03-29,8.27,8.29,8.13,8.26,9251862.0
2024-04-01,8.3,8.96,8.3,8.82,32440267.0
2024-04-02,8.71,8.84,8.36,8.42,30167925.0
2024-04-03,8.48,8.52,8.27,8.39,15758701.0
2024-04-08,8.41,8.41,8.08,8.09,15042599.0
2024-04-09,8.06,8.16,7.98,8.08,11620900.0
2024-04-10,8.03,8.09,7.87,7.94,12200146.0
2024-04-11,7.9,8.0,7.81,7.85,12243502.0
2024-04-12,7.88,8.01,7.79,7.85,14624075.0
2024-04-15,7.84,7.92,7.61,7.85,16600900.0
2024-04-16,7.79,7.89,7.54,7.6,18623036.0
2024-04-17,7.63,7.85,7.58,7.8,15067801.0
2024-04-18,7.78,7.89,7.68,7.77,13216401.0
2024-04-19,7.76,7.76,7.58,7.74,13410514.0
2024-04-22,7.68,7.76,7.51,7.55,12611343.0
2024-04-23,7.53,7.63,7.4,7.58,15455600.0
2024-04-24,7.49,7.55,7.42,7.53,11023074.0
2024-04-25,7.48,7.78,7.43,7.68,15182700.0
2024-04-26,7.66,8.0,7.66,7.99,18758389.0
2024-04-29,7.98,8.22,7.92,8.19,19622355.0
2024-04-30,8.2,8.24,8.05,8.13,14051562.0
2024-05-06,8.2,8.31,8.2,8.22,13007637.0
2024-05-07,8.25,8.31,8.14,8.3,10675901.0
2024-05-08,8.28,8.28,8.1,8.12,8978570.0
2024-05-09,8.11,8.23,8.11,8.15,7379169.0
2024-05-10,8.16,8.2,7.99,8.03,9351501.0
2024-05-13,7.99,7.99,7.82,7.87,14042650.0
2024-05-14,7.92,8.02,7.85,7.88,10463082.0
2024-05-15,7.94,7.94,7.73,7.76,7226298.0
2024-05-16,7.76,7.83,7.67,7.72,9365602.0
2024-05-17,7.75,7.92,7.69,7.92,11698202.0
2024-05-20,7.92,7.97,7.82,7.85,11035085.0
2024-05-21,7.81,7.87,7.76,7.77,9147139.0
2024-05-22,7.82,7.88,7.76,7.87,8501427.0
2024-05-23,7.86,7.86,7.61,7.65,11791150.0
2024-05-24,7.62,7.69,7.48,7.49,10433300.0
2024-05-27,7.52,7.62,7.3,7.61,19664110.0
2024-05-28,7.58,7.7,7.47,7.5,11584730.0
2024-05-29,7.52,7.58,7.42,7.49,11092550.0
2024-05-30,7.45,7.55,7.37,7.52,8459910.0
2024-05-31,7.52,7.78,7.48,7.51,32984488.0
2024-06-03,7.53,7.58,7.38,7.48,16252509.0
2024-06-04,7.46,7.53,7.3,7.41,14551417.0
2024-06-05,7.41,7.48,7.31,7.31,14706200.0
2024-06-06,7.36,7.42,7.14,7.19,18934688.0
2024-06-07,7.23,7.32,7.13,7.22,12732103.0
2024-06-11,7.17,7.42,7.11,7.41,14420460.0
2024-06-12,7.43,7.63,7.4,7.54,13744819.0
2024-06-13,7.54,7.68,7.52,7.59,12072550.0
2024-06-14,7.6,7.72,7.53,7.68,16003793.0
2024-06-17,7.63,7.84,7.61,7.8,10382248.0
2024-06-18,7.81,7.91,7.78,7.86,9678565.0
2024-06-19,7.86,7.9,7.72,7.75,11390208.0
2024-06-20,7.7,7.77,7.52,7.54,10748435.0
2024-06-21,7.54,7.55,7.38,7.48,12507307.0
2024-06-24,7.47,7.53,7.31,7.33,12801404.0
2024-06-25,7.38,7.38,6.96,7.02,19567556.0
2024-06-26,6.98,7.21,6.89,7.2,15951737.0
2024-06-27,7.19,7.34,7.1,7.12,12900801.0
2024-06-28,7.13,7.43,7.08,7.28,14067085.0
2024-07-01,7.39,7.39,7.05,7.17,15294097.0
2024-07-02,7.17,7.21,7.04,7.07,11353183.0
2024-07-03,7.08,7.17,7.03,7.07,10627397.0
2024-07-04,7.09,7.13,6.85,6.95,12691766.0
2024-07-05,6.85,6.92,6.74,6.86,13447838.0
2024-07-08,6.85,6.9,6.72,6.82,12649306.0
2024-07-09,6.75,7.07,6.7,7.04,19402359.0
2024-07-10,7.05,7.23,7.01,7.17,13607927.0
2024-07-11,7.32,7.61,7.24,7.59,21452953.0
2024-07-12,7.57,7.65,7.48,7.59,13056491.0
2024-07-15,7.59,7.59,7.43,7.45,11593800.0
2024-07-16,7.47,7.65,7.42,7.62,10530392.0
2024-07-17,7.6,7.68,7.47,7.49,8824500.0
2024-07-18,7.42,7.46,7.17,7.23,11849775.0
2024-07-19,7.25,7.32,7.14,7.23,8699482.0
2024-07-22,7.23,7.28,7.11,7.16,9992500.0
2024-07-23,7.17,7.18,6.95,6.96,11242418.0
2024-07-24,7.01,7.01,6.67,6.69,17728800.0
2024-07-25,6.65,6.73,6.53,6.62,18131400.0
2024-07-26,6.63,6.81,6.58,6.78,13484245.0
2024-07-29,6.79,6.84,6.67,6.77,9989510.0
2024-07-30,6.77,6.83,6.7,6.78,6541025.0
2024-07-31,6.81,7.15,6.74,7.14,17555710.0
2024-08-01,7.14,7.23,7.12,7.17,11537700.0
2024-08-02,7.12,7.15,6.93,6.95,10006800.0
2024-08-05,6.88,6.99,6.65,6.66,16033122.0
2024-08-06,6.73,6.85,6.62,6.71,12187700.0
2024-08-07,6.7,6.78,6.64,6.71,11406410.0
2024-08-08,6.69,6.84,6.62,6.77,9882037.0
2024-08-09,6.82,6.92,6.81,6.82,9241110.0
2024-08-12,6.8,6.87,6.73,6.75,9807648.0
2024-08-13,6.75,6.84,6.71,6.84,9962078.0
2024-08-14,6.83,6.88,6.77,6.81,7063200.0
2024-08-15,6.8,7.05,6.76,6.94,11997526.0
2024-08-16,6.96,7.07,6.93,6.95,9271810.0
2024-08-19,6.95,7.04,6.89,6.93,8499868.0
2024-08-20,6.92,6.96,6.8,6.81,9036505.0
2024-08-21,6.8,6.89,6.75,6.77,9520586.0
2024-08-22,6.77,6.8,6.61,6.64,9746508.0
2024-08-23,6.64,6.78,6.58,6.75,10970950.0
2024-08-26,6.74,6.94,6.7,6.84,11398416.0
2024-08-27,6.77,6.88,6.35,6.38,23613977.0
2024-08-28,6.35,6.46,6.33,6.42,12655450.0
2024-08-29,6.39,6.83,6.39,6.76,20755907.0
2024-08-30,6.81,7.07,6.81,6.99,21040298.0
2024-09-02,6.96,7.0,6.48,6.65,33058491.0
2024-09-03,6.62,6.91,6.6,6.84,21173000.0
2024-09-04,6.91,6.95,6.66,6.85,18301900.0
2024-09-05,6.82,7.11,6.7,6.93,26207746.0
2024-09-06,6.88,6.9,6.67,6.67,22163000.0
2024-09-09,7.0,7.0,6.53,6.58,37345577.0
2024-09-10,6.64,7.24,6.38,7.24,53717010.0
2024-09-11,7.33,7.45,6.78,6.83,97080397.0
2024-09-12,6.78,7.1,6.64,6.7,64917980.0
2024-09-13,6.66,6.66,6.38,6.38,51860127.0
2024-09-18,6.35,6.37,6.06,6.13,47593168.0
2024-09-19,6.16,6.33,6.1,6.27,37315886.0
2024-09-20,6.25,6.3,6.19,6.25,21783677.0
2024-09-23,6.25,6.42,6.2,6.34,24342516.0
2024-09-24,6.35,6.55,6.34,6.53,34370877.0
2024-09-25,6.6,6.92,6.58,6.73,46771590.0
2024-09-26,6.72,7.06,6.68,7.06,38097136.0
2024-09-27,7.22,7.58,7.18,7.37,41050518.0
2024-09-30,7.64,8.1,7.63,8.09,56053521.0
2024-10-08,8.9,8.9,8.2,8.74,66934138.0
2024-10-09,8.59,8.63,8.06,8.17,53684830.0
2024-10-10,8.24,8.35,7.88,8.01,43705855.0
2024-10-11,8.01,8.05,7.43,7.55,33691783.0
2024-10-14,7.55,7.82,7.39,7.75,31805841.0
2024-10-15,7.7,7.85,7.51,7.53,26814411.0
2024-10-16,7.41,7.54,7.37,7.45,22993849.0
2024-10-17,7.5,7.59,7.32,7.35,22765052.0
2024-10-18,7.39,7.76,7.36,7.6,34281080.0
2024-10-21,7.65,7.83,7.61,7.66,35021713.0
2024-10-22,7.72,8.06,7.59,7.88,46302490.0
2024-10-23,7.9,8.09,7.79,7.96,36766595.0
2024-10-24,7.91,7.97,7.77,7.96,20333000.0
2024-10-25,8.12,8.31,7.91,8.19,37778945.0
2024-10-28,8.46,8.55,8.25,8.42,49712380.0
2024-10-29,8.35,8.77,8.3,8.44,52723919.0
2024-10-30,8.45,9.28,8.45,8.87,113176412.0
2024-10-31,8.78,9.36,8.47,9.14,110301995.0
2024-11-01,9.07,9.23,8.51,8.54,69879102.0
2024-11-04,8.5,9.39,8.48,9.03,101711739.0
2024-11-05,8.94,9.26,8.8,9.15,86350992.0
2024-11-06,9.3,9.64,9.18,9.23,77151195.0
2024-11-07,9.11,9.58,9.02,9.36,64586420.0
2024-11-08,9.37,9.88,9.35,9.56,68024102.0
2024-11-11,9.6,9.74,9.48,9.6,54170235.0
2024-11-12,9.61,10.56,9.57,10.0,114761349.0
2024-11-13,9.76,9.88,9.35,9.54,67746288.0
2024-11-14,9.46,9.55,9.2,9.22,41385510.0
2024-11-15,9.18,9.41,9.1,9.12,33382820.0
2024-11-18,9.59,10.03,9.39,9.47,103427963.0
2024-11-19,9.1,9.45,9.0,9.36,75195254.0
2024-11-20,9.31,9.39,9.17,9.34,41245292.0
2024-11-21,9.36,9.37,9.0,9.12,38002400.0
2024-11-22,9.08,9.14,8.73,8.75,34577957.0
2024-11-25,8.73,8.76,8.51,8.67,25958009.0
2024-11-26,8.66,8.77,8.63,8.64,19602152.0
2024-11-27,8.58,8.74,8.36,8.74,27163400.0
2024-11-28,8.81,8.91,8.72,8.73,24925140.0
2024-11-29,8.7,8.86,8.58,8.81,24853165.0
2024-12-02,8.8,9.38,8.77,9.3,49539532.0
2024-12-03,9.28,9.37,9.14,9.27,29336166.0
2024-12-04,9.23,9.78,9.17,9.42,55006802.0
2024-12-05,9.23,9.31,9.16,9.22,35984843.0
2024-12-06,9.2,9.33,9.18,9.27,24896138.0
2024-12-09,9.25,9.44,9.13,9.23,22621200.0
2024-12-10,9.49,9.56,9.3,9.34,37006095.0
2024-12-11,9.32,9.52,9.31,9.5,29082854.0
2024-12-12,9.52,9.55,9.36,9.48,20930800.0
2024-12-13,9.44,9.48,9.23,9.32,22553500.0
2024-12-16,9.29,9.37,9.21,9.24,16409500.0
2024-12-17,9.23,9.27,9.08,9.11,18657601.0
2024-12-18,9.19,9.53,9.16,9.4,32947950.0
2024-12-19,9.32,9.4,9.18,9.39,23453664.0
2024-12-20,9.32,9.4,9.18,9.36,27454200.0
2024-12-23,9.36,9.4,9.0,9.01,28159510.0
2024-12-24,9.05,9.17,8.99,9.13,22208702.0
2024-12-25,9.12,9.14,8.96,9.06,17194500.0
2024-12-26,9.03,9.12,9.03,9.06,16137144.0
2024-12-27,9.06,9.4,9.05,9.28,31581521.0
2024-12-30,9.26,9.39,9.1,9.32,23648788.0
2024-12-31,9.32,9.44,9.03,9.03,23352977.0
2025-01-02,9.05,9.11,8.67,8.74,26991239.0
2025-01-03,8.76,8.85,8.37,8.4,27802302.0
2025-01-06,8.37,8.44,8.22,8.32,16740200.0
2025-01-07,8.32,8.78,8.31,8.64,26329000.0
2025-01-08,8.57,8.58,8.27,8.49,20110100.0
2025-01-09,8.46,8.72,8.44,8.61,14507284.0
2025-01-10,8.63,8.65,8.31,8.31,13345882.0
2025-01-13,8.25,8.53,8.13,8.49,19253498.0
2025-01-14,8.5,9.12,8.45,9.11,30097889.0
2025-01-15,9.13,9.13,8.88,8.95,17687248.0
2025-01-16,8.98,9.03,8.76,8.83,16926293.0
2025-01-17,8.79,9.02,8.77,8.97,16226400.0
2025-01-20,8.97,9.07,8.84,8.98,16537318.0
2025-01-21,9.01,9.08,8.92,9.03,12482022.0
2025-01-22,9.01,9.03,8.91,9.0,10521301.0
2025-01-23,8.87,9.05,8.6,8.62,27638200.0
2025-01-24,8.59,8.67,8.53,8.55,20414296.0
2025-01-27,8.59,8.61,8.38,8.39,15364399.0
2025-02-05,8.43,8.54,8.37,8.46,15560500.0
2025-02-06,8.43,8.95,8.41,8.93,25750774.0
2025-02-07,8.93,9.14,8.91,9.02,24256315.0
2025-02-10,9.03,9.1,8.96,9.03,16407545.0
2025-02-11,9.07,9.1,8.94,9.06,14748420.0
2025-02-12,9.07,9.11,8.99,9.1,12991474.0
2025-02-13,9.1,9.12,8.96,8.99,15697220.0
2025-02-14,9.02,9.3,9.01,9.15,18825746.0
2025-02-17,9.13,9.25,9.04,9.06,20346742.0
2025-02-18,9.06,9.24,8.84,8.89,22785608.0
2025-02-19,8.86,9.04,8.83,9.04,13910442.0
2025-02-20,9.06,9.12,8.99,9.07,18987771.0
2025-02-21,9.07,9.26,9.0,9.25,23981732.0
2025-02-24,9.23,9.29,9.17,9.2,19765200.0
2025-02-25,9.16,9.33,9.1,9.23,19553050.0
2025-02-26,9.24,9.29,9.15,9.24,16004618.0
2025-02-27,9.2,9.26,8.96,9.07,19463000.0
2025-02-28,9.04,9.04,8.7,8.72,17476965.0
2025-03-03,8.8,9.03,8.7,8.88,18519578.0
2025-03-04,8.88,9.06,8.82,8.96,14265108.0
2025-03-05,8.95,9.0,8.78,8.92,17174096.0
2025-03-06,8.94,9.15,8.9,9.11,18911734.0
2025-03-07,9.09,9.18,8.96,8.99,19042141.0
2025-03-10,9.0,9.05,8.78,8.82,21437283.0
2025-03-11,8.76,8.85,8.67,8.73,18572903.0
2025-03-12,8.75,8.78,8.63,8.64,20743100.0
2025-03-13,8.64,8.65,8.39,8.48,25400573.0
2025-03-14,8.48,8.66,8.43,8.65,21940040.0
2025-03-17,8.68,8.8,8.63,8.69,18309224.0
2025-03-18,8.73,8.92,8.72,8.81,20471861.0
2025-03-19,8.81,8.82,8.65,8.73,15801845.0
2025-03-20,8.71,8.82,8.66,8.74,14506634.0
2025-03-21,8.71,8.72,8.51,8.55,17185836.0
2025-03-24,8.57,8.57,8.31,8.43,15460482.0
2025-03-25,8.44,8.49,8.34,8.43,13212935.0
2025-03-26,8.42,8.48,8.41,8.44,8151030.0
2025-03-27,8.41,8.49,8.27,8.41,10709501.0
2025-03-28,8.41,8.44,8.31,8.31,8760900.0
2025-03-31,8.28,8.3,8.05,8.19,14088360.0
2025-04-01,8.2,8.33,8.18,8.25,10700835.0
2025-04-02,8.24,8.32,8.2,8.22,7487422.0
2025-04-03,8.15,8.27,8.09,8.15,9772393.0
2025-04-07,7.73,7.77,7.34,7.34,17630346.0
2025-04-08,7.2,7.3,6.93,7.08,33277076.0
2025-04-09,6.94,7.21,6.7,7.16,29043580.0
2025-04-10,7.34,7.48,7.29,7.3,21153500.0
2025-04-11,7.24,7.42,7.21,7.3,16714800.0
2025-04-14,7.48,7.55,7.36,7.4,17574850.0
2025-04-15,7.39,7.42,7.28,7.33,11264635.0
2025-04-16,7.34,7.35,7.14,7.25,11031339.0
2025-04-17,7.2,7.4,7.19,7.34,14755565.0
2025-04-18,7.34,7.4,7.29,7.37,8816200.0
2025-04-21,7.39,7.51,7.32,7.48,10972301.0
2025-04-22,7.7,8.0,7.69,7.86,35450416.0
2025-04-23,7.89,8.03,7.83,7.93,21980025.0
2025-04-24,7.93,8.01,7.83,7.85,12011700.0
2025-04-25,7.88,7.99,7.85,7.9,10251400.0
2025-04-28,7.9,7.92,7.77,7.87,10974400.0
2025-04-29,7.83,8.0,7.83,7.94,10170184.0
2025-04-30,7.92,8.04,7.9,7.98,12041231.0
2025-05-06,8.02,8.11,7.96,8.11,16863633.0
2025-05-07,8.17,8.23,8.11,8.18,13819731.0
2025-05-08,8.15,8.25,8.12,8.21,10820383.0
2025-05-09,8.21,8.29,8.15,8.24,10498617.0
2025-05-12,8.29,8.39,8.24,8.39,12828847.0
2025-05-13,8.48,8.49,8.39,8.4,12619600.0
2025-05-14,8.39,8.49,8.3,8.41,11912130.0
2025-05-15,8.41,8.41,8.29,8.31,9182549.0
2025-05-16,8.3,8.38,8.25,8.27,9471564.0
2025-05-19,8.28,8.43,8.21,8.42,11765600.0
2025-05-20,8.4,8.46,8.36,8.43,9596600.0
2025-05-21,8.42,8.47,8.35,8.39,6620268.0
2025-05-22,8.36,8.43,8.28,8.31,6695425.0
2025-05-23,8.29,8.4,8.25,8.25,9101574.0
2025-05-26,8.25,8.41,8.23,8.37,11253500.0
2025-05-27,8.35,8.36,8.25,8.33,8907932.0
2025-05-28,8.3,8.38,8.2,8.26,9876833.0
2025-05-29,8.24,8.38,8.22,8.37,11243048.0
2025-05-30,8.36,8.37,8.22,8.22,9813072.0
2025-06-03,8.19,8.33,8.17,8.25,13552072.0
2025-06-04,8.26,8.28,8.19,8.21,10066224.0
2025-06-05,8.22,8.33,8.22,8.3,12948325.0
2025-06-06,8.28,8.31,8.24,8.25,8671100.0
2025-06-09,8.33,8.34,8.26,8.27,10884724.0
2025-06-10,8.29,8.29,8.04,8.1,13571375.0
2025-06-11,8.12,8.27,8.1,8.14,12055500.0
2025-06-12,8.12,8.17,8.04,8.07,12245700.0
2025-06-13,8.03,8.06,7.87,7.91,14235204.0
2025-06-16,7.89,8.04,7.87,8.02,12468401.0
2025-06-17,8.03,8.04,7.91,7.95,11485100.0
2025-06-18,7.93,8.05,7.92,8.04,11554223.0
2025-06-19,8.01,8.08,7.97,8.03,9115688.0
2025-06-20,7.99,8.07,7.93,7.94,11349043.0
2025-06-23,7.88,8.14,7.88,8.13,13737900.0
2025-06-24,8.14,8.32,8.13,8.3,13666774.0
2025-06-25,8.28,8.36,8.25,8.34,17901230.0
2025-06-26,8.33,8.4,8.27,8.29,11119731.0
2025-06-27,8.32,8.6,8.27,8.48,26324425.0
2025-06-30,8.41,8.78,8.35,8.52,34380751.0
2025-07-01,8.53,8.57,8.41,8.47,18536047.0
2025-07-02,8.46,8.5,8.37,8.47,18209087.0
2025-07-03,8.48,8.66,8.44,8.62,19232201.0
2025-07-04,8.61,8.62,8.47,8.48,13989372.0
2025-07-07,8.47,8.54,8.45,8.49,10390700.0
2025-07-08,8.46,8.62,8.43,8.61,14215500.0
2025-07-09,8.62,8.66,8.56,8.6,13316403.0
2025-07-10,8.59,8.74,8.58,8.7,15955200.0
2025-07-11,8.73,8.77,8.66,8.69,15363450.0
2025-07-14,8.67,8.78,8.66,8.74,12604389.0
2025-07-15,8.89,9.08,8.79,8.88,25856872.0
2025-07-16,8.88,8.98,8.82,8.91,19468593.0
2025-07-17,8.88,9.09,8.88,9.08,17431927.0
2025-07-18,9.1,9.12,9.01,9.07,14142650.0
2025-07-21,9.07,9.1,9.0,9.06,14310239.0
2025-07-22,9.06,9.1,9.0,9.05,13333274.0
2025-07-23,9.08,9.23,9.06,9.07,18512391.0
2025-07-24,9.07,9.16,9.02,9.15,14015201.0
2025-07-25,9.14,9.18,9.1,9.15,12316100.0
2025-07-28,9.14,9.25,9.1,9.24,14837769.0
2025-07-29,9.22,9.39,9.22,9.38,17602837.0
2025-07-30,9.36,9.51,9.33,9.41,18133145.0
2025-07-31,9.4,9.47,9.19,9.23,20086401.0
2025-08-01,9.35,9.39,9.16,9.24,19074200.0
2025-08-04,9.2,9.3,9.12,9.29,16913488.0
2025-08-05,9.3,9.48,9.29,9.44,17077000.0
2025-08-06,9.42,9.49,9.38,9.48,15215609.0
2025-08-07,9.5,9.54,9.4,9.44,15049410.0
2025-08-08,9.41,9.45,9.33,9.38,10674912.0
2025-08-11,9.42,9.8,9.41,9.73,30994321.0
2025-08-12,9.69,9.79,9.66,9.74,23201702.0
2025-08-13,9.73,9.78,9.66,9.68,16205805.0
2025-08-14,9.7,9.75,9.49,9.51,20883356.0
2025-08-15,9.45,9.56,9.39,9.51,28445962.0
2025-08-18,9.55,9.67,9.5,9.55,25220374.0
2025-08-19,9.55,9.64,9.43,9.5,22952506.0
2025-08-20,9.46,9.77,9.4,9.77,34982717.0
2025-08-21,9.77,9.81,9.62,9.69,21887507.0
2025-08-22,9.74,10.01,9.64,9.88,30564641.0
2025-08-25,9.92,9.98,9.69,9.8,40418205.0
2025-08-26,9.79,10.17,9.7,10.02,40220881.0
2025-08-27,10.03,10.29,9.86,9.9,57836807.0
2025-08-28,9.9,10.28,9.82,10.28,63272792.0
2025-08-29,10.28,10.3,10.02,10.19,52805146.0
2025-09-01,10.2,10.23,9.98,10.06,48428507.0
2025-09-02,10.05,10.05,9.72,9.82,49168693.0
2025-09-03,9.83,10.1,9.59,9.79,50890881.0
2025-09-04,9.78,10.0,9.39,9.57,44934492.0
2025-09-05,9.63,9.98,9.56,9.98,45874613.0
2025-09-08,9.96,9.97,9.71,9.78,34058189.0
2025-09-09,9.76,9.85,9.46,9.48,35031088.0
2025-09-10,9.5,9.65,9.38,9.41,25342311.0
2025-09-11,9.37,9.77,9.37,9.77,36139420.0
2025-09-12,9.74,9.83,9.65,9.75,23496031.0
2025-09-15,9.75,9.84,9.64,9.67,19922342.0
2025-09-16,9.65,9.75,9.58,9.74,16830405.0
2025-09-17,9.7,9.89,9.68,9.81,22502094.0
2025-09-18,9.8,9.94,9.58,9.69,27776513.0
2025-09-19,9.63,10.01,9.59,9.9,41497104.0
2025-09-22,9.92,10.21,9.87,10.12,47576907.0
2025-09-23,10.0,10.06,9.74,10.01,42131441.0
2025-09-24,9.95,10.09,9.85,10.01,31617690.0
2025-09-25,9.96,10.35,9.93,10.23,48542185.0
2025-09-26,10.18,10.3,9.93,9.94,33039065.0
2025-09-29,9.91,10.01,9.82,9.99,25993738.0
2025-09-30,9.99,10.07,9.85,9.92,21380739.0
2025-10-09,9.95,10.22,9.93,10.1,33334755.0
2025-10-10,10.07,10.17,9.86,9.95,28598317.0
2025-10-13,9.64,9.77,9.5,9.73,37942113.0
2025-10-14,9.81,9.89,9.39,9.41,38989052.0
2025-10-15,9.39,9.48,9.3,9.42,22409283.0
2025-10-16,9.4,9.76,9.33,9.48,35128843.0
2025-10-17,9.47,9.48,9.05,9.07,28600858.0
2025-10-20,9.19,9.31,9.11,9.16,19789338.0
2025-10-21,9.2,9.38,9.16,9.3,19827828.0
2025-10-22,9.25,9.38,9.18,9.34,15348700.0
2025-10-23,9.5,9.62,9.27,9.53,32210028.0
2025-10-24,9.51,9.55,9.4,9.49,20319500.0
2025-10-27,9.53,9.64,9.46,9.58,20582832.0
2025-10-28,9.54,9.63,9.5,9.55,15853432.0
2025-10-29,9.5,9.57,9.47,9.55,15113128.0
2025-10-30,9.54,9.6,9.46,9.48,17002111.0
2025-10-31,9.58,9.89,9.55,9.71,41569481.0
2025-11-03,9.7,10.08,9.68,9.91,42349547.0
2025-11-04,9.91,10.12,9.85,10.06,44124434.0
2025-11-05,9.95,10.16,9.86,9.99,34072591.0
2025-11-06,9.97,10.03,9.81,9.87,32480455.0
2025-11-07,9.81,9.87,9.74,9.81,17985836.0
2025-11-10,9.83,9.87,9.69,9.75,19545299.0
2025-11-11,9.78,9.82,9.72,9.75,16261638.0
2025-11-12,9.73,9.73,9.48,9.56,22505876.0
2025-11-13,9.55,9.6,9.5,9.58,16523505.0
2025-11-14,9.54,9.65,9.51,9.52,15712467.0
2025-11-17,9.5,9.53,9.36,9.39,16583867.0
2025-11-18,9.36,9.38,9.26,9.28,16327979.0
2025-11-19,9.28,9.33,9.06,9.07,20246201.0
2025-11-20,9.14,9.15,9.03,9.04,15023239.0
2025-11-21,8.96,9.01,8.66,8.66,25225654.0
2025-11-24,8.7,8.81,8.64,8.76,16649452.0
2025-11-25,8.79,9.08,8.79,8.96,19667468.0
2025-11-26,8.95,9.01,8.87,8.87,15720965.0
2025-11-27,8.88,9.0,8.84,8.88,10790100.0
2025-11-28,8.96,9.06,8.91,9.04,14103311.0
2025-12-01,9.05,9.34,9.01,9.3,23097402.0
2025-12-02,9.27,9.31,9.12,9.18,18067088.0
2025-12-03,9.18,9.34,9.08,9.19,26128322.0
2025-12-04,9.12,9.19,9.05,9.11,21709532.0
2025-12-05,9.13,9.35,9.06,9.29,26587561.0
2025-12-08,9.25,9.44,9.21,9.23,33668080.0
2025-12-09,9.21,9.22,9.05,9.08,21565331.0
2025-12-10,9.03,9.1,8.93,9.05,16799513.0
2025-12-11,9.07,9.09,8.87,8.88,16821259.0
2025-12-12,8.87,8.96,8.8,8.91,20192481.0
2025-12-15,8.84,8.96,8.81,8.86,13756553.0
2025-12-16,8.86,8.88,8.72,8.8,15818379.0
2025-12-17,8.78,9.02,8.72,8.96,20388135.0
2025-12-18,8.92,8.97,8.84,8.84,17749722.0
2025-12-19,8.87,9.0,8.85,8.9,15202138.0
2025-12-22,8.93,9.02,8.78,8.79,25900474.0
2025-12-23,8.8,8.91,8.7,8.73,23887222.0
2025-12-24,8.72,9.01,8.71,8.99,30995146.0
2025-12-25,9.01,9.02,8.85,8.88,19861867.0
2025-12-26,8.88,8.92,8.83,8.88,17711807.0
2025-12-29,8.89,8.99,8.84,8.89,22504007.0
2025-12-30,8.86,8.93,8.83,8.87,17787212.0
2025-12-31,8.9,9.1,8.89,9.03,35444514.0
2026-01-05,9.03,9.11,8.97,9.1,26146528.0
2026-01-06,9.11,9.49,9.11,9.46,49731328.0
2026-01-07,9.48,9.48,9.27,9.29,31862442.0
2026-01-08,9.26,9.97,9.25,9.57,59052116.0
2026-01-09,9.58,10.53,9.5,10.25,149940642.0
2026-01-12,10.0,10.39,9.98,10.33,119359951.0
2026-01-13,10.31,10.33,9.92,9.96,71193328.0
2026-01-14,10.01,10.59,9.99,10.14,84624084.0
2026-01-15,10.08,10.36,10.03,10.27,55399390.0
2026-01-16,10.29,10.3,9.96,10.11,52048043.0
2026-01-19,10.02,10.23,9.95,10.19,43185440.0
2026-01-20,10.19,10.25,9.98,10.07,40990648.0
2026-01-21,10.01,10.3,9.99,10.2,44353530.0
2026-01-22,10.2,10.27,10.14,10.26,33533777.0
2026-01-23,10.3,10.65,10.28,10.51,57180865.0
2026-01-26,10.46,10.52,10.21,10.31,43875825.0
2026-01-27,10.28,10.5,10.17,10.44,41324834.0
2026-01-28,10.42,10.43,10.25,10.32,32095526.0
2026-01-29,10.26,10.51,10.06,10.12,47000902.0
2026-01-30,10.06,10.22,9.5,9.7,68864261.0
2026-02-02,9.61,9.65,9.08,9.11,61527714.0
2026-02-03,9.22,9.37,9.15,9.3,43037085.0
2026-02-04,9.26,9.46,9.23,9.45,34893436.0
2026-02-05,9.41,9.42,9.21,9.33,29178699.0
2026-02-06,9.27,9.43,9.2,9.33,28787651.0
2026-02-09,9.42,9.89,9.4,9.67,45014821.0
2026-02-10,9.66,9.79,9.62,9.7,24582395.0
2026-02-11,9.69,9.84,9.65,9.68,21836783.0
2026-02-12,9.68,9.72,9.58,9.7,20795117.0
2026-02-13,9.66,9.79,9.61,9.65,27194410.0
2026-02-24,9.72,9.91,9.71,9.78,27477838.0
2026-02-25,9.8,10.05,9.79,9.99,30566133.0
2026-02-26,10.02,10.11,9.92,10.07,26667300.0
2026-02-27,10.04,10.16,9.95,10.15,24537951.0
2026-03-02,10.0,10.14,9.89,9.94,36077279.0
2026-03-03,9.97,10.02,9.34,9.39,42932637.0
2026-03-04,9.28,9.46,9.17,9.2,29797296.0
2026-03-05,9.39,9.88,9.38,9.7,49688608.0
2026-03-06,9.53,9.61,9.34,9.39,40557467.0
2026-03-09,9.23,9.3,8.92,9.23,45065744.0
2026-03-10,9.38,9.52,9.35,9.39,27478152.0
2026-03-11,9.37,9.59,9.37,9.45,25836969.0
2026-03-12,9.41,9.67,9.38,9.55,25761749.0
2026-03-13,9.5,9.64,9.36,9.39,24762289.0
2026-03-16,9.31,9.33,8.92,9.0,59490518.0
2026-03-17,9.07,9.13,8.72,8.74,40306080.0
2026-03-18,8.79,8.83,8.66,8.81,28708602.0
2026-03-19,8.7,8.75,8.55,8.62,29975697.0
2026-03-20,8.62,8.72,8.38,8.38,30853290.0
2026-03-23,8.14,8.24,7.69,7.8,48357352.0
2026-03-24,7.9,7.97,7.71,7.95,26725908.0
2026-03-25,8.04,8.09,7.98,8.04,22603139.0
2026-03-26,8.04,8.1,7.89,7.96,18264162.0
2026-03-27,7.87,8.08,7.84,8.03,17765106.0
2026-03-30,7.92,8.08,7.86,8.07,22185777.0
2026-03-31,8.05,8.15,7.9,7.91,21436784.0
2026-04-01,8.05,8.08,7.95,8.04,21026900.0
2026-04-02,8.01,8.08,7.82,7.89,19429379.0
2026-04-03,7.91,7.95,7.77,7.79,14487751.0
2026-04-07,7.84,7.99,7.8,7.9,15323300.0
2026-04-08,8.05,8.25,8.05,8.25,30408526.0
2026-04-09,8.17,8.28,8.13,8.2,20664936.0
2026-04-10,8.25,8.42,8.24,8.3,23185384.0
2026-04-13,8.26,8.35,8.22,8.29,15576491.0
2026-04-14,8.32,8.39,8.23,8.29,17014902.0
2026-04-15,8.32,8.37,8.23,8.25,17411955.0
2026-04-16,8.26,8.31,8.21,8.29,17098610.0
2026-04-17,8.27,8.38,8.24,8.34,18209900.0
2026-04-20,8.3,8.51,8.29,8.42,24629064.0
2026-04-21,8.38,8.44,8.28,8.37,19796885.0
2026-04-22,8.36,8.55,8.33,8.5,19253865.0
2026-04-23,8.47,8.52,8.29,8.32,20174285.0
2026-04-24,8.3,8.34,8.15,8.18,18538960.0
2026-04-27,8.15,8.39,8.13,8.36,17692009.0
2026-04-28,8.35,8.35,8.1,8.14,20414203.0
2026-04-29,8.08,8.25,8.07,8.18,18117075.0
2026-04-30,7.85,7.88,7.54,7.62,51274002.0
2026-05-06,7.64,7.77,7.58,7.6,33333728.0
2026-05-07,7.61,7.76,7.61,7.71,28341924.0
2026-05-08,7.69,7.79,7.62,7.77,23845591.0
2026-05-11,7.81,7.94,7.76,7.83,25290022.0
2026-05-12,7.83,7.84,7.63,7.68,24827445.0
2026-05-13,7.66,7.95,7.61,7.83,27223079.0
2026-05-14,7.87,7.88,7.64,7.72,27261006.0
2026-05-15,7.73,7.77,7.38,7.47,35937705.0
2026-05-18,7.45,7.49,7.3,7.4,24926201.0
2026-05-19,7.4,7.52,7.3,7.52,24429400.0
2026-05-20,7.48,7.5,7.32,7.35,18879075.0
2026-05-21,7.81,8.09,7.56,7.6,96154164.0
2026-05-22,7.68,7.98,7.37,7.95,93995163.0
2026-05-25,7.94,8.22,7.89,8.06,65138690.0
2026-05-26,7.98,8.4,7.94,8.27,72012223.0
2026-05-27,8.27,8.61,8.11,8.22,62404998.0
2026-05-28,8.16,8.28,7.97,8.18,45316288.0
2026-05-29,8.17,8.24,7.57,7.62,50148903.0
2026-06-01,7.6,8.05,7.58,7.8,46836300.0
2026-06-02,7.76,8.19,7.66,7.94,43055112.0
2026-06-03,7.87,8.22,7.87,8.0,48179286.0
2026-06-04,7.9,8.34,7.89,8.24,52681310.0
2026-06-05,8.13,9.06,8.06,8.61,108800883.0
2026-06-08,8.38,8.85,8.2,8.22,72493465.0
2026-06-09,8.35,8.44,8.02,8.32,59467600.0
2026-06-10,8.17,8.26,7.9,8.0,53940547.0
2026-06-11,7.88,7.95,7.55,7.66,49304637.0
2026-06-12,7.87,8.08,7.45,7.51,58558120.0
2026-06-15,7.52,7.99,7.52,7.95,62629121.0
2026-06-16,7.97,8.55,7.93,8.31,59953102.0
2026-06-17,8.28,9.14,8.22,9.14,57632755.0
2026-06-18,9.0,9.12,8.69,8.94,133337094.0
2026-06-22,8.95,9.5,8.95,9.28,110817384.0
2026-06-23,9.3,10.17,9.06,9.99,148433309.0
2026-06-24,9.78,10.99,9.57,10.72,183075265.0
2026-06-25,10.55,10.78,10.07,10.38,163132917.0
2026-06-26,10.27,10.6,9.81,9.88,134262544.0
2026-06-29,9.96,10.13,9.25,9.48,109665694.0
2026-06-30,9.54,10.41,9.46,9.91,120491022.0
2026-07-01,9.9,9.94,9.48,9.6,84357794.0
2026-07-02,9.3,10.3,8.91,9.71,125678239.0
2026-07-03,9.68,9.77,9.01,9.05,85206865.0
2026-07-06,9.02,9.16,8.55,8.62,73576956.0
2026-07-07,8.56,8.79,8.27,8.33,56447023.0
2026-07-08,8.35,8.49,7.83,7.86,68680054.0
2026-07-09,7.92,8.08,7.77,8.04,54095279.0
2026-07-10,8.0,8.16,7.75,7.75,66005750.0
2026-07-13,7.66,7.72,7.08,7.16,65069442.0
2026-07-14,7.15,7.25,6.89,7.09,50090877.0
2026-07-15,6.74,7.03,6.58,6.72,70295604.0
2026-07-16,6.6,6.73,6.58,6.62,44300422.0
2026-07-17,6.6,6.61,6.18,6.19,59244035.0
2026-07-20,6.2,6.3,6.04,6.15,41978909.0
2026-07-21,6.15,6.35,6.05,6.34,44177149.0
2026-07-22,6.28,6.35,6.21,6.29,30746041.0
2026-07-23,6.28,6.39,6.24,6.38,25646721.0
2026-07-24,6.31,6.32,6.14,6.15,23835693.0
2026-07-27,6.15,6.29,6.12,6.27,223713.0
2026-07-28,6.21,6.4,6.18,6.33,302410.0
2026-07-29,6.35,6.57,6.32,6.57,407826.0
